Txn Date,Narration,Debit
24 Jul 2026,CULT GYM MEMBERSHIP,2014.92
17/08/2026,ACT FIBERNET,1395.34
11-07-2026,RAPIDO BIKE,4099.53
"Jul 18, 2026",UBER TRIP,2411.54
01 Jul 2026,ACT FIBERNET,619.89
02/07/2026,CULT GYM MEMBERSHIP,514.99
"Jul 20, 2026",TNEB ELECTRICITY,1825.99
"Jul 12, 2026",UBER TRIP,3062.2
21 Jun 2026,INDIAN OIL PETROL,4183.56
03-08-2026,CULT GYM MEMBERSHIP,2149.27
"Jul 21, 2026",BIGBASKET SUPERMARKET,1985.5
"Jun 28, 2026",INDIAN OIL PETROL,1559.81
07 Jul 2026,SWIGGY PAYMENT,2557.88
31-07-2026,DMART GROCERS,2309.7
26/07/2026,BIGBASKET SUPERMARKET,3720.42
17 Jul 2026,RAPIDO BIKE,1613.02
"Jun 07, 2026",APOLLO PHARMACY,2412.21
10-08-2026,ACT FIBERNET,420.01
"Jul 28, 2026",PVR CINEMAS,1261.26
2026-08-18,HOUSE RENT PAYMENT,644.95
21-07-2026,BIGBASKET SUPERMARKET,3363.18
11-08-2026,ACT FIBERNET,3200.26
"Aug 17, 2026",INDIAN OIL PETROL,1757.66
2026-06-06,SWIGGY PAYMENT,679.11
"Jul 31, 2026",ACT FIBERNET,1984.51
05/08/2026,HOUSE RENT PAYMENT,1458.1
11/07/2026,HOUSE RENT PAYMENT,1723.25
"Jul 09, 2026",HOUSE RENT PAYMENT,1492.4
08 Aug 2026,PVR CINEMAS,3011.66
2026-07-31,TNEB ELECTRICITY,1622.9
15 Jun 2026,DMART GROCERS,2501.5
2026-08-20,RAPIDO BIKE,2555.39
"Aug 23, 2026",TNEB ELECTRICITY,2476.75
"Jun 07, 2026",RAPIDO BIKE,2080.23
"Aug 20, 2026",PVR CINEMAS,3280.39
19/06/2026,APOLLO PHARMACY,248.81
15/06/2026,RAPIDO BIKE,197.26
24/07/2026,ACT FIBERNET,1804.88
"Jul 23, 2026",INDIAN OIL PETROL,3281.89
08/06/2026,CULT GYM MEMBERSHIP,2236.23
